dataset,object_id,object_category,part_id,part_category
synth,102153,TrashCan,2,lid
synth,48623,StorageFurniture,1,door
synth,48623,StorageFurniture,0,door
synth,48623,StorageFurniture,3,door
synth,48623,StorageFurniture,2,door
synth,48623,StorageFurniture,5,door
synth,48623,StorageFurniture,4,door
synth,102254,TrashCan,2,lid
synth,45963,StorageFurniture,1,door
synth,45963,StorageFurniture,0,door
synth,48797,StorageFurniture,1,door
synth,48797,StorageFurniture,0,door
synth,48797,StorageFurniture,2,door
synth,46699,StorageFurniture,1,drawer
synth,45948,StorageFurniture,1,door
synth,45948,StorageFurniture,0,door
synth,45948,StorageFurniture,3,door
synth,45948,StorageFurniture,2,door
synth,45948,StorageFurniture,5,drawer
synth,45948,StorageFurniture,4,drawer
synth,12605,Dishwasher,0,door
synth,45910,StorageFurniture,0,door
synth,20453,Table,0,drawer
synth,45961,StorageFurniture,0,door
synth,7332,Oven,3,door
synth,7332,Oven,4,door
synth,35059,StorageFurniture,0,door
synth,47669,StorageFurniture,1,door
synth,47669,StorageFurniture,0,door
synth,47669,StorageFurniture,3,door
synth,47669,StorageFurniture,2,door
synth,47669,StorageFurniture,5,door
synth,47669,StorageFurniture,4,door
synth,22692,Table,1,drawer
synth,22692,Table,0,drawer
synth,32601,Table,1,drawer
synth,32601,Table,0,drawer
synth,32601,Table,3,drawer
synth,32601,Table,2,drawer
synth,102192,TrashCan,1,lid
synth,102456,Box,0,lid
synth,48452,StorageFurniture,0,door
synth,103010,TrashCan,2,lid
synth,45790,StorageFurniture,1,drawer
synth,45790,StorageFurniture,0,door
synth,45444,StorageFurniture,1,door
synth,45444,StorageFurniture,0,door
synth,48051,StorageFurniture,1,drawer
synth,48051,StorageFurniture,3,drawer
synth,48051,StorageFurniture,2,drawer
synth,48051,StorageFurniture,5,drawer
synth,48051,StorageFurniture,4,drawer
synth,45244,StorageFurniture,0,door
synth,48490,StorageFurniture,1,door
synth,46045,StorageFurniture,1,drawer
synth,46045,StorageFurniture,0,door
synth,7119,Microwave,0,door
synth,45667,StorageFurniture,1,door
synth,46801,StorageFurniture,1,door
synth,46801,StorageFurniture,0,door
synth,12560,Dishwasher,0,door
synth,10905,Refrigerator,0,door
synth,47233,StorageFurniture,1,drawer
synth,47233,StorageFurniture,0,drawer
synth,47233,StorageFurniture,2,drawer
synth,101940,Oven,0,door
synth,12477,TrashCan,0,lid
synth,45915,StorageFurniture,1,door
synth,102154,TrashCan,2,lid
synth,46768,StorageFurniture,1,door
synth,46768,StorageFurniture,0,door
synth,45448,StorageFurniture,0,door
synth,45524,StorageFurniture,0,door
synth,25493,Table,1,drawer
synth,25493,Table,0,drawer
synth,25493,Table,2,drawer
synth,47466,StorageFurniture,10,drawer
synth,47466,StorageFurniture,1,drawer
synth,47466,StorageFurniture,3,drawer
synth,47466,StorageFurniture,2,drawer
synth,47466,StorageFurniture,5,drawer
synth,47466,StorageFurniture,4,drawer
synth,47466,StorageFurniture,7,drawer
synth,47466,StorageFurniture,6,drawer
synth,47466,StorageFurniture,9,drawer
synth,47466,StorageFurniture,8,drawer
synth,47178,StorageFurniture,1,drawer
synth,47178,StorageFurniture,0,drawer
synth,47178,StorageFurniture,2,drawer
synth,31601,Table,1,drawer
synth,31601,Table,2,drawer
synth,44853,StorageFurniture,1,drawer
synth,44853,StorageFurniture,0,drawer
synth,44853,StorageFurniture,2,drawer
synth,25913,Table,1,drawer
synth,25913,Table,0,drawer
synth,25913,Table,2,drawer
synth,100162,Box,1,lid
synth,100162,Box,0,lid
synth,100162,Box,3,lid
synth,100162,Box,2,lid
synth,12484,Dishwasher,3,door
synth,12484,Dishwasher,2,door
synth,101930,Oven,0,door
synth,45374,StorageFurniture,1,drawer
synth,45374,StorageFurniture,0,drawer
synth,45374,StorageFurniture,3,drawer
synth,45374,StorageFurniture,2,drawer
synth,45420,StorageFurniture,1,door
synth,45420,StorageFurniture,0,door
synth,48517,StorageFurniture,1,drawer
synth,48517,StorageFurniture,0,drawer
synth,48517,StorageFurniture,2,drawer
synth,47963,StorageFurniture,1,door
synth,45526,StorageFurniture,0,door
synth,102186,TrashCan,1,lid
synth,47316,StorageFurniture,0,door
synth,46130,StorageFurniture,1,drawer
synth,46130,StorageFurniture,0,drawer
synth,46130,StorageFurniture,2,drawer
synth,48740,StorageFurniture,1,drawer
synth,48740,StorageFurniture,0,drawer
synth,48740,StorageFurniture,2,drawer
synth,48859,StorageFurniture,1,door
synth,48859,StorageFurniture,0,door
synth,46700,StorageFurniture,1,door
synth,46700,StorageFurniture,0,door
synth,47613,StorageFurniture,1,door
synth,47613,StorageFurniture,0,door
synth,103013,TrashCan,0,drawer
synth,45633,StorageFurniture,1,door
synth,45166,StorageFurniture,1,door
synth,101583,Safe,14,door
synth,45387,StorageFurniture,1,door
synth,45387,StorageFurniture,0,door
synth,45387,StorageFurniture,3,door
synth,45387,StorageFurniture,2,door
synth,7366,Microwave,1,door
synth,47651,StorageFurniture,1,door
synth,100676,Box,1,lid
synth,100676,Box,0,lid
synth,100676,Box,3,lid
synth,100676,Box,2,lid
synth,45243,StorageFurniture,1,drawer
synth,45243,StorageFurniture,0,drawer
synth,45243,StorageFurniture,3,drawer
synth,45243,StorageFurniture,2,drawer
synth,10685,Refrigerator,1,door
synth,10685,Refrigerator,2,door
synth,45159,StorageFurniture,1,door
synth,45159,StorageFurniture,0,door
synth,46179,StorageFurniture,0,door
synth,20985,Table,1,drawer
synth,32174,Table,1,door
synth,32174,Table,0,drawer
synth,101564,Safe,13,door
synth,47954,StorageFurniture,1,door
synth,47954,StorageFurniture,0,door
synth,45007,StorageFurniture,1,door
synth,10036,Refrigerator,1,door
synth,47601,StorageFurniture,1,door
synth,46906,StorageFurniture,1,door
synth,7167,Microwave,0,door
synth,32354,Table,1,drawer
synth,32354,Table,0,drawer
synth,32354,Table,2,drawer
synth,45305,StorageFurniture,1,door
synth,45305,StorageFurniture,0,door
synth,46563,StorageFurniture,1,door
synth,46563,StorageFurniture,0,door
synth,48018,StorageFurniture,1,door
synth,48018,StorageFurniture,0,door
synth,48018,StorageFurniture,3,door
synth,48018,StorageFurniture,2,door
synth,10751,Refrigerator,1,door
synth,10751,Refrigerator,2,door
synth,29557,Table,0,drawer
synth,100129,Box,1,lid
synth,100129,Box,0,lid
synth,32625,Table,1,drawer
synth,32625,Table,0,drawer
synth,32625,Table,3,drawer
synth,32625,Table,2,drawer
synth,103755,Suitcase,1,lid
synth,23807,Table,1,drawer
synth,23807,Table,0,drawer
synth,23807,Table,3,drawer
synth,23807,Table,2,drawer
synth,12092,Dishwasher,0,door
synth,100174,Box,0,lid
synth,26073,Table,0,drawer
synth,102182,TrashCan,0,lid
synth,100224,Box,1,lid
synth,100224,Box,0,lid
synth,100224,Box,3,lid
synth,100224,Box,2,lid
synth,101380,TrashCan,0,door
synth,47443,StorageFurniture,3,door
synth,47443,StorageFurniture,4,door
synth,7220,Oven,1,door
synth,7220,Oven,0,door
synth,22301,Table,2,drawer
synth,44781,StorageFurniture,1,door
synth,44781,StorageFurniture,0,door
synth,44781,StorageFurniture,2,drawer
synth,46084,StorageFurniture,1,door
synth,46084,StorageFurniture,0,door
synth,46084,StorageFurniture,3,drawer
synth,46084,StorageFurniture,2,drawer
synth,47747,StorageFurniture,1,door
synth,47747,StorageFurniture,0,door
synth,46655,StorageFurniture,1,door
synth,46655,StorageFurniture,0,door
synth,46856,StorageFurniture,1,door
synth,46856,StorageFurniture,0,door
synth,46856,StorageFurniture,3,drawer
synth,46856,StorageFurniture,2,drawer
synth,7179,Oven,3,door
synth,7179,Oven,4,door
synth,11304,Refrigerator,1,door
synth,11304,Refrigerator,0,door
synth,12447,TrashCan,0,lid
synth,11178,Refrigerator,1,door
synth,11178,Refrigerator,0,door
synth,46108,StorageFurniture,1,door
synth,46108,StorageFurniture,0,door
synth,46108,StorageFurniture,3,door
synth,46108,StorageFurniture,2,door
synth,10944,Refrigerator,0,door
synth,11712,Refrigerator,1,door
synth,11712,Refrigerator,0,door
synth,12580,Dishwasher,0,door
synth,26899,Table,0,door
synth,47570,StorageFurniture,1,drawer
synth,47570,StorageFurniture,0,door
synth,33810,Table,0,door
synth,33810,Table,3,drawer
synth,33810,Table,2,drawer
synth,33810,Table,5,drawer
synth,33810,Table,4,drawer
synth,45699,StorageFurniture,1,door
synth,48413,StorageFurniture,1,door
synth,48023,StorageFurniture,1,door
synth,47529,StorageFurniture,1,drawer
synth,47529,StorageFurniture,0,door
synth,33116,Table,1,drawer
synth,33116,Table,2,drawer
synth,45759,StorageFurniture,1,door
synth,45759,StorageFurniture,0,door
synth,45759,StorageFurniture,3,drawer
synth,45759,StorageFurniture,2,door
synth,12043,Refrigerator,1,door
synth,12043,Refrigerator,2,door
synth,45146,StorageFurniture,1,door
synth,45146,StorageFurniture,0,drawer
synth,23511,Table,0,drawer
synth,45949,StorageFurniture,1,door
synth,45949,StorageFurniture,0,door
synth,45949,StorageFurniture,2,drawer
synth,102218,TrashCan,1,door
synth,102218,TrashCan,0,door
synth,26670,Table,0,drawer
synth,46199,StorageFurniture,1,door
synth,46199,StorageFurniture,0,door
synth,46199,StorageFurniture,3,drawer
synth,46199,StorageFurniture,2,drawer
synth,46199,StorageFurniture,5,drawer
synth,46199,StorageFurniture,4,drawer
synth,45168,StorageFurniture,1,door
synth,45168,StorageFurniture,0,drawer
synth,45238,StorageFurniture,1,door
synth,45238,StorageFurniture,0,door
synth,45238,StorageFurniture,3,drawer
synth,45238,StorageFurniture,2,drawer
synth,7128,Microwave,0,door
synth,102189,TrashCan,2,lid
synth,47645,Box,0,lid
synth,102209,TrashCan,2,lid
synth,12065,Dishwasher,2,door
synth,45212,StorageFurniture,0,door
synth,46616,StorageFurniture,0,door
synth,46879,StorageFurniture,1,drawer
synth,46879,StorageFurniture,0,drawer
synth,46879,StorageFurniture,2,drawer
synth,102173,TrashCan,0,lid
synth,102373,Box,1,lid
synth,102373,Box,0,lid
synth,102373,Box,3,lid
synth,102373,Box,2,lid
synth,11279,TrashCan,0,lid
synth,12552,Dishwasher,0,door
synth,32324,Table,1,drawer
synth,32324,Table,0,drawer
synth,32324,Table,2,drawer
synth,45661,StorageFurniture,1,drawer
synth,45661,StorageFurniture,0,door
synth,45661,StorageFurniture,2,drawer
synth,47711,StorageFurniture,1,drawer
synth,47711,StorageFurniture,3,drawer
synth,47711,StorageFurniture,2,drawer
synth,49025,StorageFurniture,1,door
synth,49025,StorageFurniture,0,door
synth,49025,StorageFurniture,3,door
synth,49025,StorageFurniture,2,door
synth,101613,Safe,0,door
synth,34610,Table,1,drawer
synth,34610,Table,0,drawer
synth,34610,Table,3,drawer
synth,34610,Table,2,drawer
synth,34610,Table,4,drawer
synth,44826,StorageFurniture,1,drawer
synth,44826,StorageFurniture,0,door
synth,102187,TrashCan,0,door
synth,103008,TrashCan,0,door
synth,101619,Safe,0,door
synth,48497,StorageFurniture,1,drawer
synth,48497,StorageFurniture,0,drawer
synth,48497,StorageFurniture,3,drawer
synth,48497,StorageFurniture,2,drawer
synth,48497,StorageFurniture,5,drawer
synth,48497,StorageFurniture,4,drawer
synth,48497,StorageFurniture,7,drawer
synth,48497,StorageFurniture,6,drawer
synth,22367,Table,1,drawer
synth,22367,Table,0,drawer
synth,22367,Table,3,drawer
synth,22367,Table,2,drawer
synth,22367,Table,5,drawer
synth,22367,Table,4,drawer
synth,22367,Table,7,drawer
synth,22367,Table,6,drawer
synth,12558,Dishwasher,0,door
synth,48169,StorageFurniture,1,drawer
synth,48169,StorageFurniture,0,drawer
synth,48169,StorageFurniture,3,drawer
synth,48169,StorageFurniture,2,drawer
synth,48169,StorageFurniture,5,drawer
synth,7187,Oven,1,door
synth,7187,Oven,0,door
synth,10627,Refrigerator,1,door
synth,10627,Refrigerator,2,door
synth,101623,Safe,1,door
synth,47099,StorageFurniture,1,door
synth,47099,StorageFurniture,0,door
synth,45384,StorageFurniture,0,door
synth,48271,StorageFurniture,0,door
synth,101593,Safe,0,door
synth,7349,Microwave,1,door
synth,101579,Safe,3,door
synth,46762,StorageFurniture,1,drawer
synth,46762,StorageFurniture,0,drawer
synth,46762,StorageFurniture,3,drawer
synth,46762,StorageFurniture,2,drawer
synth,46002,StorageFurniture,1,door
synth,46002,StorageFurniture,0,door
synth,46002,StorageFurniture,3,door
synth,46002,StorageFurniture,2,door
synth,29133,Table,1,drawer
synth,29133,Table,0,drawer
synth,11550,Refrigerator,1,door
synth,11550,Refrigerator,0,door
synth,103490,WashingMachine,0,lid
synth,12559,Dishwasher,0,door
synth,46380,StorageFurniture,1,drawer
synth,46380,StorageFurniture,3,drawer
synth,46380,StorageFurniture,2,drawer
synth,46380,StorageFurniture,4,drawer
synth,30663,Table,1,drawer
synth,30663,Table,0,drawer
synth,30663,Table,2,drawer
synth,45262,StorageFurniture,1,drawer
synth,45262,StorageFurniture,0,drawer
synth,45262,StorageFurniture,3,drawer
synth,45262,StorageFurniture,2,drawer
synth,26806,Table,0,drawer
synth,48479,StorageFurniture,1,door
synth,48479,StorageFurniture,0,door
synth,101971,Oven,0,lid
synth,12289,TrashCan,0,lid
synth,46641,StorageFurniture,1,drawer
synth,46641,StorageFurniture,0,drawer
synth,46641,StorageFurniture,2,drawer
synth,102160,TrashCan,2,lid
synth,102200,TrashCan,2,lid
synth,12480,Dishwasher,1,door
synth,20745,Table,1,drawer
synth,20745,Table,0,drawer
synth,20745,Table,2,drawer
synth,102244,TrashCan,1,drawer
synth,102244,TrashCan,0,lid
synth,49038,StorageFurniture,1,door
synth,49038,StorageFurniture,2,door
synth,27189,Table,0,drawer
synth,47701,StorageFurniture,1,door
synth,47701,StorageFurniture,0,door
synth,47701,StorageFurniture,3,door
synth,47701,StorageFurniture,2,door
synth,45690,StorageFurniture,0,door
synth,10373,Refrigerator,0,door
synth,19855,Table,0,drawer
synth,101908,Oven,1,door
synth,101908,Oven,0,door
synth,101908,Oven,2,door
synth,32259,Table,1,drawer
synth,32259,Table,0,drawer
synth,32259,Table,2,drawer
synth,46057,StorageFurniture,1,door
synth,12428,Dishwasher,4,door
synth,12252,Refrigerator,0,door
synth,48855,StorageFurniture,1,door
synth,48855,StorageFurniture,0,drawer
synth,48855,StorageFurniture,2,door
synth,102316,Safe,0,door
synth,47089,StorageFurniture,1,drawer
synth,47089,StorageFurniture,0,drawer
synth,47089,StorageFurniture,3,drawer
synth,47089,StorageFurniture,2,drawer
synth,46598,StorageFurniture,1,door
synth,46598,StorageFurniture,0,door
synth,46598,StorageFurniture,3,drawer
synth,46598,StorageFurniture,2,drawer
synth,45001,StorageFurniture,1,door
synth,45001,StorageFurniture,0,door
synth,48013,StorageFurniture,1,door
synth,48013,StorageFurniture,0,door
synth,44962,StorageFurniture,1,drawer
synth,44962,StorageFurniture,0,drawer
synth,44962,StorageFurniture,2,drawer
synth,22339,Table,0,drawer
synth,102259,TrashCan,2,lid
synth,10586,Refrigerator,1,door
synth,10586,Refrigerator,2,door
synth,46981,StorageFurniture,1,door
synth,46981,StorageFurniture,0,door
synth,46981,StorageFurniture,2,drawer
synth,102318,Safe,0,door
synth,45670,StorageFurniture,1,door
synth,45670,StorageFurniture,0,door
synth,47577,StorageFurniture,1,door
synth,47577,StorageFurniture,0,door
synth,47578,StorageFurniture,1,drawer
synth,47578,StorageFurniture,0,drawer
synth,47578,StorageFurniture,3,drawer
synth,47578,StorageFurniture,2,drawer
synth,100189,Box,0,lid
synth,46859,StorageFurniture,1,drawer
synth,46859,StorageFurniture,0,door
synth,49132,StorageFurniture,1,door
synth,49132,StorageFurniture,0,door
synth,12561,Dishwasher,0,door
synth,45203,StorageFurniture,0,door
synth,46437,StorageFurniture,1,door
synth,46437,StorageFurniture,0,door
synth,45623,StorageFurniture,0,door
synth,11211,Refrigerator,0,door
synth,46944,StorageFurniture,0,door
synth,12553,Dishwasher,0,door
synth,48253,StorageFurniture,1,drawer
synth,48253,StorageFurniture,0,drawer
synth,48253,StorageFurniture,2,drawer
synth,101363,Safe,0,door
synth,46480,StorageFurniture,1,door
synth,46480,StorageFurniture,0,door
synth,31249,Table,1,drawer
synth,31249,Table,0,drawer
synth,31249,Table,3,door
synth,31249,Table,4,door
synth,48686,StorageFurniture,0,door
synth,103012,TrashCan,2,lid
synth,48177,StorageFurniture,1,door
synth,48177,StorageFurniture,0,door
synth,100141,Box,0,lid
synth,102181,TrashCan,1,lid
synth,10849,Refrigerator,0,door
synth,26525,Table,0,drawer
synth,12597,Dishwasher,0,door
synth,34617,Table,1,drawer
synth,34617,Table,2,drawer
synth,46462,StorageFurniture,1,drawer
synth,46462,StorageFurniture,0,drawer
synth,46462,StorageFurniture,2,drawer
synth,47290,StorageFurniture,1,door
synth,47290,StorageFurniture,0,door
synth,47290,StorageFurniture,3,door
synth,47290,StorageFurniture,2,door
synth,47290,StorageFurniture,5,door
synth,47290,StorageFurniture,4,door
synth,45332,StorageFurniture,1,door
synth,45332,StorageFurniture,0,door
synth,45332,StorageFurniture,3,drawer
synth,45332,StorageFurniture,2,drawer
synth,45689,StorageFurniture,1,drawer
synth,45689,StorageFurniture,0,door
synth,46120,StorageFurniture,1,door
synth,46120,StorageFurniture,0,door
synth,46120,StorageFurniture,3,drawer
synth,46120,StorageFurniture,2,drawer
synth,46037,StorageFurniture,1,door
synth,46037,StorageFurniture,0,door
synth,11361,TrashCan,0,lid
synth,12606,Dishwasher,1,door
synth,49133,StorageFurniture,1,door
synth,49133,StorageFurniture,0,door
synth,48492,Box,2,lid
synth,11818,TrashCan,0,lid
synth,48356,StorageFurniture,1,door
synth,48356,StorageFurniture,0,door
synth,48356,StorageFurniture,3,door
synth,48356,StorageFurniture,2,door
synth,45841,StorageFurniture,1,drawer
synth,45841,StorageFurniture,3,drawer
synth,45841,StorageFurniture,2,drawer
synth,45164,StorageFurniture,0,door
synth,45419,StorageFurniture,1,door
synth,46966,StorageFurniture,0,door
synth,45130,StorageFurniture,0,door
synth,47024,StorageFurniture,1,drawer
synth,47024,StorageFurniture,0,door
synth,7265,Microwave,0,door
synth,102256,TrashCan,2,lid
synth,47254,StorageFurniture,1,drawer
synth,47254,StorageFurniture,0,door
synth,48878,StorageFurniture,1,door
synth,48878,StorageFurniture,0,drawer
synth,101931,Oven,0,door
synth,12563,Dishwasher,0,door
synth,45132,StorageFurniture,1,drawer
synth,45132,StorageFurniture,0,drawer
synth,45132,StorageFurniture,2,drawer
synth,101808,Oven,1,door
synth,101808,Oven,0,door
synth,45749,StorageFurniture,1,door
synth,45749,StorageFurniture,0,door
synth,45749,StorageFurniture,3,door
synth,45749,StorageFurniture,2,door
synth,103647,TrashCan,1,lid
synth,46440,StorageFurniture,1,drawer
synth,46440,StorageFurniture,0,drawer
synth,46440,StorageFurniture,2,drawer
synth,10584,TrashCan,0,lid
synth,46277,StorageFurniture,1,door
synth,46277,StorageFurniture,0,door
synth,45443,StorageFurniture,1,door
synth,45621,StorageFurniture,0,door
synth,45636,StorageFurniture,1,door
synth,45636,StorageFurniture,0,door
synth,45636,StorageFurniture,3,drawer
synth,45636,StorageFurniture,2,drawer
synth,47235,StorageFurniture,1,drawer
synth,47235,StorageFurniture,0,drawer
synth,47235,StorageFurniture,3,drawer
synth,47235,StorageFurniture,2,drawer
synth,47235,StorageFurniture,5,drawer
synth,47235,StorageFurniture,4,drawer
synth,33930,Table,1,drawer
synth,33930,Table,0,drawer
synth,33930,Table,3,drawer
synth,33930,Table,2,drawer
synth,33930,Table,5,drawer
synth,12562,Dishwasher,0,door
synth,47182,StorageFurniture,0,door
synth,47742,StorageFurniture,0,door
synth,45505,StorageFurniture,1,door
synth,45505,StorageFurniture,0,door
synth,45850,StorageFurniture,1,door
synth,10143,Refrigerator,0,door
synth,45087,StorageFurniture,1,door
synth,12543,Dishwasher,0,door
synth,45249,StorageFurniture,0,door
synth,102019,Oven,0,door
synth,12250,Refrigerator,1,door
synth,102044,Oven,0,door
synth,12617,Dishwasher,0,door
synth,48381,StorageFurniture,0,door
synth,48381,StorageFurniture,2,door
synth,45612,StorageFurniture,1,door
synth,45612,StorageFurniture,0,door
synth,45612,StorageFurniture,3,door
synth,45612,StorageFurniture,2,door
synth,45612,StorageFurniture,5,drawer
synth,45612,StorageFurniture,4,drawer
synth,103762,Suitcase,0,lid
synth,12531,Dishwasher,0,door
synth,12059,Refrigerator,1,door
synth,12059,Refrigerator,0,door
synth,11709,Refrigerator,1,door
synth,11709,Refrigerator,0,door
synth,11709,Refrigerator,2,door
synth,12579,Dishwasher,1,door
synth,45776,StorageFurniture,1,drawer
synth,45776,StorageFurniture,0,door
synth,47686,StorageFurniture,0,door
synth,102379,Box,0,lid
synth,41510,StorageFurniture,1,drawer
synth,41510,StorageFurniture,0,door
synth,10900,Refrigerator,1,door
synth,10900,Refrigerator,0,door
synth,26608,Table,1,drawer
synth,26608,Table,0,drawer
synth,26608,Table,3,drawer
synth,26608,Table,2,drawer
synth,26608,Table,5,drawer
synth,26608,Table,4,drawer
synth,26608,Table,7,drawer
synth,26608,Table,6,drawer
synth,47187,StorageFurniture,0,door
synth,11124,TrashCan,0,lid
synth,102257,TrashCan,0,lid
synth,100197,Box,1,lid
synth,100197,Box,0,lid
synth,100197,Box,3,lid
synth,100197,Box,2,lid
synth,45645,StorageFurniture,0,door
synth,101909,Oven,0,door
synth,46109,StorageFurniture,1,drawer
synth,46109,StorageFurniture,3,drawer
synth,46109,StorageFurniture,2,drawer
synth,46109,StorageFurniture,5,drawer
synth,46109,StorageFurniture,4,drawer
synth,48491,StorageFurniture,1,drawer
synth,48491,StorageFurniture,3,drawer
synth,48491,StorageFurniture,2,drawer
synth,12249,Refrigerator,0,door
synth,20555,Table,0,drawer
synth,45638,StorageFurniture,0,door
synth,41529,StorageFurniture,0,door
synth,46452,StorageFurniture,0,door
synth,46452,StorageFurniture,2,drawer
synth,100194,Box,0,lid
synth,100194,Box,2,lid
synth,100194,Box,5,lid
synth,100194,Box,4,lid
synth,102158,TrashCan,2,lid
synth,46127,StorageFurniture,1,door
synth,10867,Refrigerator,0,door
synth,10867,Refrigerator,2,door
synth,100776,Suitcase,3,lid
synth,11622,Dishwasher,0,door
synth,45940,StorageFurniture,1,door
synth,45940,StorageFurniture,0,door
synth,45940,StorageFurniture,2,drawer
synth,12038,Refrigerator,1,door
synth,48519,StorageFurniture,1,door
synth,7290,Oven,0,door
synth,100214,Box,0,lid
synth,27267,Table,0,door
synth,27267,Table,2,drawer
synth,45503,StorageFurniture,1,door
synth,45503,StorageFurniture,0,door
synth,45503,StorageFurniture,2,door
synth,102229,TrashCan,0,lid
synth,103634,TrashCan,0,lid
synth,102219,TrashCan,1,door
synth,102219,TrashCan,0,door
synth,26387,Table,1,drawer
synth,26387,Table,0,drawer
synth,26387,Table,2,drawer
synth,102001,Oven,1,door
synth,102001,Oven,0,door
synth,100154,Box,1,lid
synth,100154,Box,0,lid
synth,100154,Box,3,lid
synth,100154,Box,2,lid
synth,12592,Dishwasher,1,door
synth,41003,StorageFurniture,1,door
synth,41003,StorageFurniture,0,door
synth,41003,StorageFurniture,3,door
synth,41003,StorageFurniture,2,door
synth,49182,StorageFurniture,1,door
synth,49182,StorageFurniture,0,door
synth,103369,WashingMachine,0,door
synth,19825,Table,1,door
synth,19825,Table,0,door
synth,24644,Table,0,drawer
synth,45463,StorageFurniture,1,door
synth,45463,StorageFurniture,0,door
synth,47133,StorageFurniture,1,door
synth,101584,Safe,0,door
synth,45092,StorageFurniture,1,drawer
synth,45092,StorageFurniture,0,drawer
synth,45092,StorageFurniture,3,drawer
synth,45092,StorageFurniture,2,drawer
synth,48467,StorageFurniture,1,door
synth,45756,StorageFurniture,1,drawer
synth,45756,StorageFurniture,0,drawer
synth,45756,StorageFurniture,2,drawer
synth,100247,Box,0,lid
synth,45178,StorageFurniture,1,door
synth,7296,Microwave,1,door
synth,46466,StorageFurniture,1,drawer
synth,46466,StorageFurniture,0,drawer
synth,46466,StorageFurniture,3,drawer
synth,46466,StorageFurniture,2,drawer
synth,10068,Refrigerator,1,door
synth,10068,Refrigerator,2,door
synth,46166,StorageFurniture,1,door
synth,46166,StorageFurniture,2,door
synth,45687,StorageFurniture,1,drawer
synth,45687,StorageFurniture,0,door
synth,45725,StorageFurniture,11,drawer
synth,45725,StorageFurniture,10,drawer
synth,45725,StorageFurniture,13,drawer
synth,45725,StorageFurniture,12,drawer
synth,45725,StorageFurniture,1,door
synth,45725,StorageFurniture,0,door
synth,45725,StorageFurniture,3,door
synth,45725,StorageFurniture,2,door
synth,45725,StorageFurniture,5,door
synth,45725,StorageFurniture,4,door
synth,45725,StorageFurniture,7,door
synth,45725,StorageFurniture,6,door
synth,45725,StorageFurniture,9,drawer
synth,45725,StorageFurniture,8,drawer
synth,45134,StorageFurniture,1,door
synth,103425,WashingMachine,0,door
synth,45427,StorageFurniture,1,drawer
synth,45427,StorageFurniture,0,drawer
synth,45427,StorageFurniture,2,drawer
synth,22508,Table,0,drawer
synth,48513,StorageFurniture,1,drawer
synth,48513,StorageFurniture,0,door
synth,100658,Box,1,lid
synth,100658,Box,0,lid
synth,100658,Box,3,lid
synth,100658,Box,2,lid
synth,47944,StorageFurniture,1,door
synth,47944,StorageFurniture,0,door
synth,47944,StorageFurniture,2,drawer
synth,46481,StorageFurniture,1,door
synth,46481,StorageFurniture,0,door
synth,47976,StorageFurniture,1,door
synth,47976,StorageFurniture,0,door
synth,47976,StorageFurniture,3,door
synth,47976,StorageFurniture,2,door
synth,102311,Safe,1,door
synth,11299,Refrigerator,1,door
synth,11299,Refrigerator,2,door
synth,19836,Table,1,drawer
synth,19836,Table,0,drawer
synth,19836,Table,2,drawer
synth,46896,StorageFurniture,1,drawer
synth,46896,StorageFurniture,0,drawer
synth,45694,StorageFurniture,1,drawer
synth,45694,StorageFurniture,0,door
synth,103508,WashingMachine,0,lid
synth,11661,Dishwasher,1,door
synth,45415,StorageFurniture,0,door
synth,103480,WashingMachine,6,door
synth,46134,StorageFurniture,1,door
synth,46134,StorageFurniture,0,door
synth,45783,StorageFurniture,0,door
synth,102193,TrashCan,0,lid
synth,48010,StorageFurniture,1,drawer
synth,48010,StorageFurniture,0,drawer
synth,48010,StorageFurniture,2,drawer
synth,102992,TrashCan,1,lid
synth,102380,Safe,2,door
synth,45247,StorageFurniture,1,door
synth,45606,StorageFurniture,0,door
synth,24931,Table,1,drawer
synth,12536,Dishwasher,0,door
synth,103633,TrashCan,0,lid
synth,45297,StorageFurniture,1,door
synth,47419,StorageFurniture,1,door
synth,48876,StorageFurniture,1,drawer
synth,48876,StorageFurniture,0,drawer
synth,48876,StorageFurniture,2,drawer
synth,46014,StorageFurniture,1,drawer
synth,46014,StorageFurniture,3,drawer
synth,46014,StorageFurniture,2,drawer
synth,46014,StorageFurniture,4,drawer
synth,46430,StorageFurniture,1,door
synth,103646,TrashCan,1,lid
synth,102165,TrashCan,1,lid
synth,22433,Table,1,door
synth,22433,Table,0,door
synth,22433,Table,2,door
synth,45853,StorageFurniture,0,door
synth,45091,StorageFurniture,1,door
synth,102423,Safe,0,door
synth,46741,StorageFurniture,1,drawer
synth,46741,StorageFurniture,0,door
synth,102418,Safe,0,door
synth,101599,Safe,14,door
synth,48167,StorageFurniture,0,door
synth,48263,StorageFurniture,1,drawer
synth,48263,StorageFurniture,3,drawer
synth,48263,StorageFurniture,2,drawer
synth,48263,StorageFurniture,4,drawer
synth,12055,Refrigerator,0,door
synth,20411,Table,0,drawer
synth,45922,StorageFurniture,1,door
synth,102309,Safe,0,door
synth,46874,StorageFurniture,1,door
synth,46874,StorageFurniture,0,door
synth,46874,StorageFurniture,2,drawer
synth,45173,StorageFurniture,0,door
synth,47438,StorageFurniture,1,drawer
synth,47438,StorageFurniture,0,drawer
synth,47438,StorageFurniture,2,drawer
synth,48721,StorageFurniture,0,door
synth,46092,StorageFurniture,0,door
synth,32761,Table,1,drawer
synth,32761,Table,0,drawer
synth,32761,Table,3,drawer
synth,32761,Table,2,drawer
synth,102177,TrashCan,1,lid
synth,11700,Dishwasher,0,door
synth,102194,TrashCan,1,door
synth,102194,TrashCan,2,drawer
synth,45746,StorageFurniture,1,drawer
synth,45746,StorageFurniture,2,drawer
synth,45600,StorageFurniture,1,door
synth,45662,StorageFurniture,1,door
synth,45662,StorageFurniture,0,door
synth,47296,StorageFurniture,1,drawer
synth,47296,StorageFurniture,0,drawer
synth,47296,StorageFurniture,2,drawer
synth,103639,TrashCan,4,lid
synth,45784,StorageFurniture,1,drawer
synth,45784,StorageFurniture,0,door
synth,19179,Table,1,drawer
synth,19179,Table,0,drawer
synth,45189,StorageFurniture,1,door
synth,45189,StorageFurniture,0,door
synth,45189,StorageFurniture,3,door
synth,45189,StorageFurniture,2,door
synth,12054,Refrigerator,0,door
synth,23472,Table,1,drawer
synth,23472,Table,0,door
synth,47585,StorageFurniture,19,drawer
synth,47585,StorageFurniture,1,drawer
synth,47585,StorageFurniture,0,door
synth,47585,StorageFurniture,3,drawer
synth,47585,StorageFurniture,2,drawer
synth,47585,StorageFurniture,5,drawer
synth,47585,StorageFurniture,4,drawer
synth,47585,StorageFurniture,7,drawer
synth,47585,StorageFurniture,6,drawer
synth,47585,StorageFurniture,9,drawer
synth,47585,StorageFurniture,8,drawer
synth,26503,Table,1,drawer
synth,7273,Microwave,0,door
synth,12042,Refrigerator,1,door
synth,46889,StorageFurniture,0,door
synth,100243,Box,0,lid
synth,103528,WashingMachine,0,lid
synth,23372,Table,1,drawer
synth,23372,Table,0,drawer
synth,23372,Table,3,door
synth,23372,Table,2,door
synth,45855,StorageFurniture,0,door
synth,102163,TrashCan,0,lid
synth,46107,StorageFurniture,1,door
synth,49042,StorageFurniture,1,door
synth,49042,StorageFurniture,0,door
synth,100767,Suitcase,3,lid
synth,45354,StorageFurniture,1,door
synth,45354,StorageFurniture,0,door
synth,47817,StorageFurniture,1,door
synth,7310,Microwave,0,door
synth,12583,Dishwasher,1,door
synth,12590,Dishwasher,0,door
synth,45194,StorageFurniture,1,door
synth,45194,StorageFurniture,0,door
synth,45194,StorageFurniture,3,drawer
synth,45194,StorageFurniture,2,drawer
synth,46230,StorageFurniture,1,drawer
synth,46230,StorageFurniture,0,drawer
synth,46230,StorageFurniture,2,drawer
synth,46403,StorageFurniture,1,door
synth,46403,StorageFurniture,0,door
synth,12483,TrashCan,0,lid
synth,47648,StorageFurniture,1,door
synth,47648,StorageFurniture,0,door
synth,47648,StorageFurniture,3,door
synth,47648,StorageFurniture,2,door
synth,47648,StorageFurniture,5,drawer
synth,47648,StorageFurniture,4,drawer
synth,20043,Table,1,drawer
synth,20043,Table,2,drawer
synth,100426,Box,1,lid
synth,100426,Box,0,lid
synth,45575,StorageFurniture,1,drawer
synth,45575,StorageFurniture,0,door
synth,45622,StorageFurniture,1,door
synth,45622,StorageFurniture,0,door
synth,45622,StorageFurniture,2,drawer
synth,100234,Box,1,lid
synth,100234,Box,0,lid
synth,102155,TrashCan,2,lid
synth,101668,Suitcase,2,lid
synth,12654,Dishwasher,0,door
synth,7263,Microwave,0,door
synth,46439,StorageFurniture,0,door
synth,47926,StorageFurniture,1,door
synth,47926,StorageFurniture,0,door
synth,47926,StorageFurniture,3,door
synth,47926,StorageFurniture,2,door
synth,47926,StorageFurniture,5,drawer
synth,47926,StorageFurniture,4,drawer
synth,12349,Dishwasher,0,door
synth,12259,Dishwasher,0,door
synth,47227,StorageFurniture,1,door
synth,47227,StorageFurniture,0,door
synth,47227,StorageFurniture,3,door
synth,47227,StorageFurniture,2,door
synth,101943,Oven,0,door
synth,103452,WashingMachine,0,door
synth,47514,StorageFurniture,1,door
synth,48700,StorageFurniture,1,door
synth,48700,StorageFurniture,0,door
synth,101378,TrashCan,0,lid
synth,45642,StorageFurniture,3,door
synth,45642,StorageFurniture,2,door
synth,40147,StorageFurniture,1,drawer
synth,40147,StorageFurniture,0,door
synth,10655,Refrigerator,1,door
synth,10655,Refrigerator,2,door
synth,47853,StorageFurniture,1,door
synth,47853,StorageFurniture,0,door
synth,47853,StorageFurniture,2,door
synth,45677,StorageFurniture,1,drawer
synth,45677,StorageFurniture,0,drawer
synth,45677,StorageFurniture,3,drawer
synth,45677,StorageFurniture,2,drawer
synth,101947,Oven,1,door
synth,101947,Oven,0,door
synth,101384,TrashCan,0,lid
synth,100732,TrashCan,1,lid
synth,45950,StorageFurniture,0,door
synth,12248,Refrigerator,1,door
synth,12248,Refrigerator,0,door
synth,102996,TrashCan,0,drawer
synth,102227,TrashCan,0,door
synth,46417,StorageFurniture,0,door
synth,101611,Safe,0,door
synth,45767,StorageFurniture,1,door
synth,45767,StorageFurniture,0,door
synth,30341,Table,1,drawer
synth,32932,Table,1,drawer
synth,32932,Table,0,drawer
synth,47185,StorageFurniture,1,drawer
synth,47185,StorageFurniture,0,door
synth,45397,StorageFurniture,1,door
synth,45397,StorageFurniture,0,door
synth,46117,StorageFurniture,1,door
synth,45177,StorageFurniture,1,door
synth,45372,StorageFurniture,0,door
synth,26657,Table,1,drawer
synth,26657,Table,2,drawer
synth,101917,Oven,0,door
synth,46197,StorageFurniture,0,door
synth,33457,Table,1,drawer
synth,33457,Table,0,door
synth,33457,Table,2,drawer
synth,45937,StorageFurniture,0,door
synth,101604,Safe,0,door
synth,45573,StorageFurniture,1,door
synth,45573,StorageFurniture,0,door
synth,100283,WashingMachine,0,door
synth,46401,StorageFurniture,0,door
synth,44817,StorageFurniture,1,drawer
synth,44817,StorageFurniture,0,drawer
synth,44817,StorageFurniture,3,drawer
synth,44817,StorageFurniture,2,drawer
synth,27619,Table,1,drawer
synth,27619,Table,0,drawer
synth,47808,StorageFurniture,1,door
synth,47808,StorageFurniture,0,door
synth,12540,Dishwasher,0,door
synth,49140,StorageFurniture,1,drawer
synth,49140,StorageFurniture,3,drawer
synth,49140,StorageFurniture,2,drawer
synth,49140,StorageFurniture,4,drawer
synth,7120,Oven,1,door
synth,7120,Oven,2,door
synth,41004,StorageFurniture,0,door
synth,30869,Table,0,drawer
synth,45162,StorageFurniture,1,drawer
synth,45162,StorageFurniture,0,door
synth,46443,StorageFurniture,1,drawer
synth,46443,StorageFurniture,0,drawer
synth,46443,StorageFurniture,3,drawer
synth,46443,StorageFurniture,2,drawer
synth,45710,StorageFurniture,1,drawer
synth,45710,StorageFurniture,0,drawer
synth,45710,StorageFurniture,3,drawer
synth,45710,StorageFurniture,2,drawer
synth,45696,StorageFurniture,1,door
synth,45696,StorageFurniture,0,door
synth,45696,StorageFurniture,3,door
synth,45696,StorageFurniture,2,door
synth,46236,StorageFurniture,1,drawer
synth,46236,StorageFurniture,0,door
synth,12085,Dishwasher,1,drawer
synth,12036,Refrigerator,1,door
synth,12036,Refrigerator,0,door
synth,46544,StorageFurniture,1,drawer
synth,46544,StorageFurniture,0,drawer
synth,46544,StorageFurniture,2,drawer
synth,103635,TrashCan,0,lid
synth,46955,StorageFurniture,1,door
synth,46955,StorageFurniture,0,door
synth,46955,StorageFurniture,3,door
synth,46955,StorageFurniture,2,door
synth,41086,StorageFurniture,0,door
synth,45691,StorageFurniture,0,door
synth,46922,StorageFurniture,0,door
synth,103775,WashingMachine,0,door
synth,48379,StorageFurniture,1,door
synth,48379,StorageFurniture,0,door
synth,47278,StorageFurniture,1,door
synth,47278,StorageFurniture,0,door
synth,46060,StorageFurniture,1,drawer
synth,46060,StorageFurniture,0,drawer
synth,46060,StorageFurniture,3,drawer
synth,46060,StorageFurniture,2,drawer
synth,101605,Safe,0,door
synth,103518,WashingMachine,0,door
synth,46744,StorageFurniture,1,door
synth,29921,Table,1,drawer
synth,32566,Table,0,door
synth,46123,StorageFurniture,1,drawer
synth,46123,StorageFurniture,0,drawer
synth,46123,StorageFurniture,2,drawer
synth,100202,Box,1,lid
synth,100202,Box,0,lid
synth,100202,Box,3,lid
synth,100202,Box,2,lid
synth,102234,TrashCan,1,drawer
synth,102234,TrashCan,0,door
synth,45403,StorageFurniture,1,door
synth,47180,StorageFurniture,1,door
synth,103351,WashingMachine,0,door
synth,10357,TrashCan,0,lid
synth,12614,Dishwasher,1,door
synth,4108,TrashCan,1,lid
synth,23782,Table,1,door
synth,23782,Table,0,door
synth,46825,StorageFurniture,1,door
synth,46825,StorageFurniture,0,door
synth,46427,StorageFurniture,0,door
synth,47315,StorageFurniture,0,door
synth,100191,Box,0,lid
synth,12530,Dishwasher,1,door
synth,46180,StorageFurniture,1,drawer
synth,46180,StorageFurniture,0,door
synth,45423,StorageFurniture,1,door
synth,45423,StorageFurniture,0,door
synth,47391,StorageFurniture,1,door
synth,101377,TrashCan,1,lid
synth,45523,StorageFurniture,1,door
synth,45523,StorageFurniture,2,door
synth,46537,StorageFurniture,1,drawer
synth,46537,StorageFurniture,0,drawer
synth,46537,StorageFurniture,2,drawer
synth,12066,Refrigerator,1,door
synth,12066,Refrigerator,2,door
synth,12565,Dishwasher,1,door
synth,10144,Refrigerator,0,door
synth,100685,Box,0,lid
synth,7236,Microwave,0,door
synth,45213,StorageFurniture,1,drawer
synth,45213,StorageFurniture,0,door
synth,45213,StorageFurniture,2,drawer
synth,46044,StorageFurniture,1,door
synth,101924,Oven,1,door
synth,101924,Oven,0,door
synth,46549,StorageFurniture,1,drawer
synth,46549,StorageFurniture,0,drawer
synth,46549,StorageFurniture,3,drawer
synth,46549,StorageFurniture,2,drawer
synth,10638,Refrigerator,1,door
synth,10638,Refrigerator,2,door
synth,11846,Refrigerator,1,door
synth,11846,Refrigerator,0,door
synth,45779,StorageFurniture,1,door
synth,45780,StorageFurniture,1,door
synth,45780,StorageFurniture,0,door
synth,12596,Dishwasher,0,door
synth,11951,TrashCan,0,door
synth,101594,Safe,0,door
synth,10489,Refrigerator,1,door
synth,10489,Refrigerator,2,door
synth,45594,StorageFurniture,1,door
synth,45594,StorageFurniture,0,door
synth,101591,Safe,5,door
synth,7304,Microwave,1,door
synth,100550,Suitcase,0,lid
synth,103361,WashingMachine,0,door
synth,22241,Table,0,drawer
synth,100731,TrashCan,0,door
synth,101612,Safe,0,door
synth,45176,StorageFurniture,0,door
synth,100221,Box,0,lid
synth,30238,Table,1,drawer
synth,30238,Table,2,drawer
synth,46029,StorageFurniture,0,door
synth,12050,Refrigerator,0,door
synth,12587,Dishwasher,0,door
synth,46893,StorageFurniture,1,drawer
synth,46893,StorageFurniture,0,drawer
synth,46893,StorageFurniture,3,drawer
synth,46893,StorageFurniture,2,drawer
synth,102301,Safe,0,door
synth,102202,TrashCan,2,lid
synth,46732,StorageFurniture,1,door
synth,46732,StorageFurniture,0,door
synth,48036,StorageFurniture,1,door
synth,33914,Table,1,drawer
synth,33914,Table,0,drawer
synth,47388,StorageFurniture,0,door
synth,28668,Table,0,drawer
synth,45219,StorageFurniture,1,door
synth,45219,StorageFurniture,0,door
synth,45219,StorageFurniture,3,drawer
synth,45219,StorageFurniture,2,drawer
synth,102384,Safe,0,door
synth,25308,Table,1,drawer
synth,25308,Table,0,drawer
synth,40417,StorageFurniture,1,door
synth,40417,StorageFurniture,0,door
synth,40417,StorageFurniture,3,drawer
synth,40417,StorageFurniture,2,drawer
synth,40417,StorageFurniture,5,door
synth,40417,StorageFurniture,4,door
synth,32052,Table,1,drawer
synth,32052,Table,0,drawer
synth,32052,Table,3,drawer
synth,32052,Table,2,drawer
synth,32052,Table,5,drawer
synth,32052,Table,4,drawer
synth,32052,Table,6,drawer
synth,10620,Refrigerator,1,door
synth,47729,StorageFurniture,1,door
synth,12414,Dishwasher,1,lid
synth,45693,StorageFurniture,1,door
synth,11259,TrashCan,0,lid
synth,47632,StorageFurniture,1,door
synth,49062,StorageFurniture,1,door
synth,49062,StorageFurniture,0,door
synth,49062,StorageFurniture,3,door
synth,49062,StorageFurniture,2,door
synth,49062,StorageFurniture,5,door
synth,49062,StorageFurniture,4,door
synth,46787,StorageFurniture,1,door
synth,100664,Box,0,lid
synth,45290,StorageFurniture,1,drawer
synth,45290,StorageFurniture,0,drawer
synth,45290,StorageFurniture,2,drawer
synth,45717,StorageFurniture,1,door
synth,103761,Suitcase,1,lid
synth,45984,StorageFurniture,1,drawer
synth,45984,StorageFurniture,0,door
synth,45261,StorageFurniture,1,drawer
synth,45261,StorageFurniture,0,drawer
synth,45261,StorageFurniture,3,drawer
synth,45261,StorageFurniture,2,drawer
synth,45261,StorageFurniture,4,drawer
synth,47595,StorageFurniture,1,door
synth,47595,StorageFurniture,0,door
synth,47595,StorageFurniture,3,door
synth,47595,StorageFurniture,2,door
synth,103776,WashingMachine,0,lid
synth,100282,WashingMachine,0,door
synth,47021,StorageFurniture,0,door
synth,101946,Oven,0,door
synth,48258,StorageFurniture,1,drawer
synth,48258,StorageFurniture,0,drawer
synth,48258,StorageFurniture,3,drawer
synth,48258,StorageFurniture,2,drawer
synth,103781,WashingMachine,0,lid
synth,47252,StorageFurniture,1,door
synth,47252,StorageFurniture,0,door
synth,47252,StorageFurniture,2,drawer
synth,103007,TrashCan,0,lid
synth,7292,Microwave,0,door
synth,46172,StorageFurniture,11,drawer
synth,46172,StorageFurniture,10,drawer
synth,46172,StorageFurniture,1,drawer
synth,46172,StorageFurniture,3,drawer
synth,46172,StorageFurniture,2,drawer
synth,46172,StorageFurniture,5,drawer
synth,46172,StorageFurniture,4,drawer
synth,46172,StorageFurniture,7,drawer
synth,46172,StorageFurniture,6,drawer
synth,46172,StorageFurniture,9,drawer
synth,46172,StorageFurniture,8,drawer
synth,46490,StorageFurniture,1,door
synth,46490,StorageFurniture,0,door
synth,49188,StorageFurniture,1,door
synth,49188,StorageFurniture,0,door
synth,49188,StorageFurniture,3,door
synth,49188,StorageFurniture,2,door
synth,49188,StorageFurniture,5,door
synth,49188,StorageFurniture,4,door
synth,47207,StorageFurniture,1,drawer
synth,47207,StorageFurniture,0,drawer
synth,47207,StorageFurniture,3,drawer
synth,47207,StorageFurniture,2,drawer
synth,45671,StorageFurniture,1,door
synth,45516,StorageFurniture,1,door
synth,46145,StorageFurniture,1,door
synth,46145,StorageFurniture,0,door
synth,46145,StorageFurniture,3,door
synth,46145,StorageFurniture,2,door
synth,46145,StorageFurniture,5,drawer
synth,46145,StorageFurniture,4,drawer
synth,100671,Box,0,lid
synth,32086,Table,1,door
synth,32086,Table,0,door
synth,12445,TrashCan,0,lid
synth,45964,StorageFurniture,0,door
synth,45936,StorageFurniture,0,door
synth,11229,TrashCan,0,lid
synth,102252,TrashCan,1,drawer
synth,102252,TrashCan,0,door
synth,102278,Safe,0,door
synth,47238,StorageFurniture,1,door
synth,47238,StorageFurniture,0,door
synth,102377,Box,1,drawer
synth,102377,Box,0,lid
synth,101603,Safe,0,door
synth,103521,WashingMachine,0,door
synth,46847,StorageFurniture,0,door
synth,46847,StorageFurniture,2,drawer
synth,45676,StorageFurniture,1,drawer
synth,45676,StorageFurniture,0,door
synth,46033,StorageFurniture,0,door
synth,26875,Table,1,door
synth,26875,Table,0,door
synth,47088,StorageFurniture,1,door
synth,47088,StorageFurniture,0,door
synth,47088,StorageFurniture,2,drawer
synth,28164,Table,1,drawer
synth,28164,Table,0,drawer
synth,26652,Table,1,drawer
synth,20279,Table,0,drawer
synth,48063,StorageFurniture,1,door
synth,48063,StorageFurniture,0,door
synth,48063,StorageFurniture,2,drawer
synth,12621,Dishwasher,0,door
synth,19898,Table,1,drawer
synth,19898,Table,0,door
synth,19898,Table,3,drawer
synth,19898,Table,2,drawer
synth,19898,Table,5,drawer
synth,19898,Table,7,drawer
synth,19898,Table,6,drawer
synth,102201,TrashCan,2,lid
synth,45235,StorageFurniture,1,drawer
synth,45235,StorageFurniture,0,door
synth,41452,StorageFurniture,0,door
synth,45916,StorageFurniture,0,door
synth,45378,StorageFurniture,1,door
synth,45378,StorageFurniture,0,door
synth,10612,Refrigerator,1,door
synth,10612,Refrigerator,2,door
synth,46019,StorageFurniture,1,door
synth,46019,StorageFurniture,0,door
synth,47565,StorageFurniture,1,drawer
synth,47565,StorageFurniture,2,drawer
synth,11231,Refrigerator,1,door
synth,11231,Refrigerator,2,door
synth,101773,Oven,0,door
synth,45267,StorageFurniture,0,door
synth,103778,WashingMachine,0,door
synth,45271,StorageFurniture,1,drawer
synth,45271,StorageFurniture,0,drawer
synth,45271,StorageFurniture,3,door
synth,45271,StorageFurniture,2,door
synth,45271,StorageFurniture,5,door
synth,45271,StorageFurniture,4,door
synth,45632,StorageFurniture,1,door
synth,45632,StorageFurniture,0,door
synth,45632,StorageFurniture,2,drawer
synth,45801,StorageFurniture,1,drawer
synth,45801,StorageFurniture,0,drawer
synth,45801,StorageFurniture,3,drawer
synth,45801,StorageFurniture,2,drawer
synth,27044,Table,0,drawer
synth,102156,TrashCan,2,lid
synth,41083,StorageFurniture,1,door
synth,41083,StorageFurniture,0,door
synth,41083,StorageFurniture,3,drawer
synth,41083,StorageFurniture,2,drawer
synth,7201,Oven,3,door
synth,7201,Oven,4,door
synth,30666,Table,1,drawer
synth,30666,Table,0,drawer
synth,30666,Table,3,drawer
synth,30666,Table,2,drawer
synth,30666,Table,5,drawer
synth,30666,Table,4,drawer
synth,30666,Table,7,drawer
synth,30666,Table,6,drawer
synth,30666,Table,8,drawer
synth,48243,StorageFurniture,1,door
synth,102381,Safe,0,door
synth,10347,Refrigerator,1,door
synth,10347,Refrigerator,0,door
synth,11826,Dishwasher,2,door
synth,41085,StorageFurniture,1,door
synth,41085,StorageFurniture,0,door
synth,41085,StorageFurniture,3,door
synth,41085,StorageFurniture,2,door
synth,102018,Oven,0,door
synth,102171,TrashCan,0,door
synth,46653,StorageFurniture,1,drawer
synth,46653,StorageFurniture,3,drawer
synth,46653,StorageFurniture,2,drawer
synth,34178,Table,1,drawer
synth,34178,Table,0,drawer
synth,34178,Table,3,door
synth,34178,Table,2,door
synth,47183,StorageFurniture,1,drawer
synth,47183,StorageFurniture,0,drawer
synth,47183,StorageFurniture,2,drawer
synth,46456,StorageFurniture,1,door
synth,46456,StorageFurniture,0,door
synth,46334,StorageFurniture,1,drawer
synth,46334,StorageFurniture,0,drawer
synth,46334,StorageFurniture,2,drawer
synth,47281,StorageFurniture,0,door
synth,102389,Safe,16,door
synth,30739,Table,1,drawer
synth,30739,Table,0,drawer
synth,45135,StorageFurniture,1,drawer
synth,45135,StorageFurniture,0,drawer
synth,45135,StorageFurniture,2,drawer
synth,46408,StorageFurniture,0,door
synth,40453,StorageFurniture,1,drawer
synth,40453,StorageFurniture,0,drawer
synth,40453,StorageFurniture,2,drawer
synth,102210,TrashCan,2,lid
synth,102387,Safe,0,door
synth,45385,StorageFurniture,1,door
synth,46132,StorageFurniture,1,door
synth,45747,StorageFurniture,1,door
synth,45747,StorageFurniture,0,door
synth,45504,StorageFurniture,1,door
synth,45908,StorageFurniture,1,door
